id,title,type,description,label,priority,parent
1,Foundation & Infrastructure,epic,"Set up Python project scaffolding, configuration system, database layer, and Docker infrastructure",infra,1,
2,Create pyproject.toml,task,"Define project metadata, Python version requirements, and all dependency declarations for the application",infra,1,1
3,Create .env.example,task,"Document all required environment variables with placeholder values for PostgreSQL, Slack, Google OAuth, SearchApi, OpenRouter, and timezone",infra,1,1
4,Create Docker Compose configuration,task,"Define services for PostgreSQL 15-alpine and the Python application with health checks, volumes, and network configuration",infra,1,1
5,Create database initialization script,task,"Port init-users.sh to create n8n_custom_data database and n8n_custom_data_user with appropriate permissions",infra,1,1
6,Create project directory structure,task,"Create all package directories: is2news/, config/, is2news/pipeline/, is2news/services/, is2news/db/, is2news/prompts/, is2news/validators/, is2news/utils/, tests/",infra,1,1
7,Create __init__.py files,task,"Add __init__.py to all Python packages to establish proper module hierarchy",infra,1,1
8,Configuration System,feature,"Implement centralized configuration management using Pydantic Settings for all environment variables and LLM model mappings",infra,1,1
9,Create Pydantic Settings class,task,"Define Settings model with fields for PostgreSQL connection, Slack tokens, Google OAuth paths, SearchApi key, OpenRouter key, timezone, and all service endpoints",infra,1,8
10,Create LLM config module,task,"Port the 21 LLM model mappings from llm_global_config_utility.json into a Python configuration that maps purpose keys to model identifiers",json-conversion,1,8
11,Create environment variable validation,task,"Implement startup validation that checks all required environment variables are present and correctly formatted",infra,1,8
12,Database Layer,feature,"Implement SQLAlchemy async ORM models for all 7 database tables, session management, and Alembic migrations",infra,1,1
13,Create SQLAlchemy model for curated_articles,task,"Define model with url (PK), title, origin, publish_date, approved, industry_news, newsletter_id, created_at matching the existing PostgreSQL schema",json-conversion,1,12
14,Create SQLAlchemy model for summarization_user_feedback,task,"Define model with id (serial PK), feedback_text, created_at matching the existing schema",json-conversion,1,12
15,Create SQLAlchemy model for newsletter_themes,task,"Define model with theme (PK), theme_body, theme_summary, newsletter_id, approved, created_at matching the existing schema",json-conversion,1,12
16,Create SQLAlchemy model for newsletter_themes_user_feedback,task,"Define model with id (serial PK), feedback_text, created_at, newsletter_id matching the existing schema",json-conversion,1,12
17,Create SQLAlchemy model for markdowngenerator_user_feedback,task,"Define model with id (serial PK), feedback_text, created_at matching the existing schema",json-conversion,1,12
18,Create SQLAlchemy model for htmlgenerator_user_feedback,task,"Define model with id (serial PK), feedback_text, created_at matching the existing schema",json-conversion,1,12
19,Create SQLAlchemy model for newsletter_email_subject_feedback,task,"Define model with id (serial PK), feedback_text, created_at, newsletter_id matching the existing schema",json-conversion,1,12
20,Create async database session management,task,"Implement async SQLAlchemy engine and session factory using asyncpg driver with connection pooling",infra,1,12
21,Create Alembic migration configuration,task,"Initialize Alembic with async support and configure for the n8n_custom_data database",infra,1,12
22,Create initial database migration,task,"Generate Alembic migration that creates all 7 tables matching the existing production schema",infra,1,12
23,Create CRUD operations for curated_articles,task,"Implement async functions for: fetch unapproved, fetch by filter, upsert with ON CONFLICT, update approved status",json-conversion,1,12
24,Create CRUD operations for feedback tables,task,"Implement async functions for: insert feedback, fetch last N entries ordered by created_at DESC, shared across all 5 feedback tables",json-conversion,1,12
25,Create CRUD operations for newsletter_themes,task,"Implement async functions for: insert theme, update approval status, fetch by newsletter_id",json-conversion,1,12
26,Pipeline Framework,feature,"Create the pipeline execution model with PipelineContext, step interfaces, sequential and parallel execution support",json-conversion,1,1
27,Create PipelineContext dataclass,task,"Define dataclass that accumulates state across pipeline steps: articles, summaries, formatted_theme, document IDs, newsletter_id, trigger source",json-conversion,1,26
28,Create base pipeline step interface,task,"Define async callable interface that receives PipelineContext and returns updated PipelineContext",json-conversion,1,26
29,Create pipeline orchestrator,task,"Implement run_pipeline function that executes steps 1-5 sequentially then steps 6a-6d via asyncio.gather",json-conversion,1,26
30,Create pipeline state tracking,task,"Implement per-execution state tracking for validation attempt counters and intermediate results",json-conversion,1,26
31,Service Integrations,epic,"Implement Python clients for all external services: LLM providers, Slack, Google Sheets, Google Docs, SearchApi, and web content fetching",service-integration,1,
32,LLM Service,feature,"Create LiteLLM abstraction layer that provides unified completion interface routed through the global LLM config",service-integration,1,31
33,Create LiteLLM wrapper,task,"Implement async completion() function that accepts a model config key and prompt, routes through LiteLLM to the configured provider/model",service-integration,1,32
34,Implement model routing from config,task,"Map LLM config keys (LLM_SUMMARY_MODEL etc.) to LiteLLM model strings, supporting OpenRouter, direct Anthropic, OpenAI, and Google providers",service-integration,1,32
35,Implement LLM error handling,task,"Handle API errors, rate limits, and timeouts with appropriate error routing matching n8n's continueErrorOutput behavior",service-integration,1,32
36,Implement response parsing,task,"Extract text content and JSON structures from LLM responses, handling both plain text and structured output formats",service-integration,1,32
37,Slack Service,feature,"Implement Slack Bolt integration with all messaging patterns used across the n8n workflows",service-integration,1,31
38,Create Slack Bolt app initialization,task,"Initialize Slack Bolt async app with bot token and app token for Socket Mode, configure channel from settings",service-integration,1,37
39,Implement send_message,task,"Create async function for non-blocking Slack message delivery with Block Kit support, matching n8n's message operation",json-conversion,1,37
40,Implement send_and_wait,task,"Create async function that posts interactive message, registers callback, and blocks on asyncio.Event until user responds, matching n8n's sendAndWait",json-conversion,1,37
41,Implement Block Kit message builder,task,"Create builder functions for structured Slack messages with sections, dividers, and mrkdwn text blocks",json-conversion,1,37
42,Implement radio button form builder,task,"Create builder for Slack radio button selection forms used in theme selection, email subject selection, and social media selection",json-conversion,1,37
43,Implement dropdown form builder,task,"Create builder for Slack dropdown forms used in next-steps selection (Yes/Feedback/Restart)",json-conversion,1,37
44,Implement free-text form builder,task,"Create builder for Slack free-text input forms used for feedback collection and manual article content entry",json-conversion,1,37
45,Implement interactive callback handler,task,"Create handler that receives Slack interaction payloads, resolves matching asyncio.Event, and stores response data",json-conversion,1,37
46,Register Slack event listeners,task,"Wire up all action handlers and event listeners to the Slack Bolt app for interactive component responses",service-integration,1,37
47,Google Sheets Service,feature,"Implement Google Sheets API client matching all operations used in the article curation and summarization workflows",service-integration,1,31
48,Create Google Sheets OAuth2 authentication,task,"Implement OAuth2 credential loading and token refresh using google-auth library",service-integration,1,47
49,Implement clear_sheet operation,task,"Clear all rows from the Newsletter Curated Articles spreadsheet (Sheet1), matching n8n's clear operation",json-conversion,1,47
50,Implement append_rows operation,task,"Append article data rows to the spreadsheet with columns: url, title, publish_date, origin, approved, newsletter_id, industry_news",json-conversion,1,47
51,Implement update_rows operation,task,"Update existing rows in the spreadsheet by matching criteria",json-conversion,1,47
52,Implement fetch_rows with filter,task,"Fetch rows from the spreadsheet filtered by approved=yes, returning structured article objects",json-conversion,1,47
53,Google Docs Service,feature,"Implement Google Docs API client for document creation, content insertion, and content retrieval",service-integration,1,31
54,Create Google Docs OAuth2 authentication,task,"Implement OAuth2 credential loading and token refresh using google-auth library",service-integration,1,53
55,Implement create_document operation,task,"Create a new Google Doc with a specified title, returning the document ID",json-conversion,1,53
56,Implement insert_content operation,task,"Insert text content into a Google Doc at a specified location",json-conversion,1,53
57,Implement fetch_document_content,task,"Retrieve the full text content of a Google Doc by document ID",json-conversion,1,53
58,SearchApi Client,feature,"Implement SearchApi HTTP client for article discovery using google_news and default search engines",service-integration,1,31
59,Create SearchApi HTTP client,task,"Implement async HTTP client for searchapi.io API with authentication and request configuration",service-integration,1,58
60,Implement google_news engine search,task,"Execute searches with engine=google_news, time_period=last_week, num=15, location=United States",json-conversion,1,58
61,Implement default engine search,task,"Execute searches with default engine, time_period=last_week, num=10",json-conversion,1,58
62,Implement SearchApi response parsing,task,"Extract organic_results array from SearchApi response, mapping link, title, and date fields to article objects",json-conversion,1,58
63,Web Fetcher Service,feature,"Implement HTTP article content fetcher with browser-like headers and error detection",service-integration,1,31
64,Create HTTP client with browser headers,task,"Configure httpx async client with User-Agent (Safari/537.36), Accept, Accept-Language, Referer (google.com), Connection headers",json-conversion,1,63
65,Implement content fetch with error detection,task,"Fetch article URL content and detect error responses that indicate failed fetches",json-conversion,1,63
66,Implement captcha detection,task,"Check response body for sgcaptcha string to identify captcha-blocked requests",json-conversion,1,63
67,Implement YouTube URL skip logic,task,"Detect youtube.com URLs and skip fetching, routing to manual content entry fallback",json-conversion,1,63
68,Implement HTML-to-markdown conversion,task,"Convert fetched HTML article content to markdown/plain text for LLM processing",json-conversion,1,63
69,Prompt Templates,epic,"Port all LLM prompt templates from n8n workflow JSON to Python string templates with variable interpolation",prompt-porting,1,
70,Create summarization prompt template,task,"Port the summarization prompt with accuracy control protocol, article summary standards, business relevance specifications, data integrity standards, and conditional feedback section",prompt-porting,1,69
71,Create summarization regeneration prompt,task,"Port the regeneration prompt that incorporates user feedback while maintaining accuracy control and original formatting",prompt-porting,1,69
72,Create theme generation prompt template,task,"Port the theme generation prompt with accuracy control, content distribution requirements (1 FA + 2 MA + 3 QH + 2 ID), 2-2-2 distribution, source mix rules, and %marker output format",prompt-porting,1,69
73,Create markdown generation prompt template,task,"Port the ~4000-word markdown generation prompt including Kevin's 9 voice patterns, required markdown structure (8 sections), character limits, CTA rules, URL constraints, and validator error handling",prompt-porting,1,69
74,Create markdown structural validation prompt,task,"Port the structural validator prompt that checks non-numeric rules: bullet counts, order, clickable links, paragraph structure, labels, footer lines",prompt-porting,1,69
75,Create markdown voice validation prompt,task,"Port the voice validation prompt that evaluates Kevin's writing patterns across introduction, featured article, main articles, and overall consistency",prompt-porting,1,69
76,Create learning data extraction prompt,task,"Port the shared learning data extraction prompt that converts user feedback into structured actionable insights for future improvement",prompt-porting,1,69
77,Create freshness check prompt template,task,"Port the freshness check prompt that compares generated theme against recent newsletters at is2digital.com/newsletters",prompt-porting,1,69
78,Create HTML generation prompt template,task,"Port the HTML generation prompt for converting markdown to email-compatible HTML with inline CSS and responsive design",prompt-porting,1,69
79,Create alternates HTML prompt template,task,"Port the prompt for generating A/B variant HTML with modified design/structure",prompt-porting,1,69
80,Create email subject generation prompt,task,"Port the prompt for generating 3-5 email subject line options with preview text",prompt-porting,1,69
81,Create email preview text prompt,task,"Port the prompt for generating email preview text corresponding to selected subject line",prompt-porting,1,69
82,Create social media post generation prompt,task,"Port the Phase 1 prompt for generating 12 social posts: 6 Did You Know + 6 Industry Take in graphics-only format",prompt-porting,1,69
83,Create social media caption prompt,task,"Port the Phase 2 prompt for generating detailed captions (150-300 chars) for selected social media posts",prompt-porting,1,69
84,Create LinkedIn carousel generation prompt,task,"Port the LinkedIn carousel prompt including slide structure, article ordering, and 3 post copy versions with opening hooks",prompt-porting,1,69
85,Create LinkedIn carousel regeneration prompt,task,"Port the regeneration prompt that incorporates character validation errors for targeted slide corrections",prompt-porting,1,69
86,Utility Functions,epic,"Port all JavaScript utility functions from n8n Code nodes to Python equivalents",json-conversion,1,
87,Date Processing Utilities,feature,"Port date formatting and parsing logic from n8n Code nodes",json-conversion,1,86
88,Create MM/DD/YYYY date formatter,task,"Convert dates to MM/DD/YYYY format for Google Sheets display, porting the UTC-based formatting from Process Input node",json-conversion,1,87
89,Create relative date parser,task,"Parse relative date strings (3 days ago, 1 week ago) from SearchApi results into actual calendar dates using regex matching",json-conversion,1,87
90,Theme Parser Utilities,feature,"Port the complex theme body parsing logic from n8n Code nodes to Python",json-conversion,1,86
91,Create theme body splitter,task,"Split LLM theme output by '-----' separator to extract individual theme blocks",json-conversion,1,90
92,Create theme title and summary extractor,task,"Extract theme title and description from each theme block text",json-conversion,1,90
93,Create %marker parser for Featured Article,task,"Parse %FA_TITLE, %FA_SOURCE, %FA_ORIGIN, %FA_URL, %FA_CATEGORY, %FA_WHY FEATURED markers from theme body using regex",json-conversion,1,90
94,Create %marker parser for Main Articles,task,"Parse %M1_ and %M2_ markers (TITLE, SOURCE, ORIGIN, URL, CATEGORY, RATIONALE) from theme body",json-conversion,1,90
95,Create %marker parser for Quick Hits,task,"Parse %Q1_, %Q2_, %Q3_ markers (TITLE, SOURCE, ORIGIN, URL, CATEGORY) from theme body",json-conversion,1,90
96,Create %marker parser for Industry Developments,task,"Parse %I1_, %I2_ markers (TITLE, SOURCE, ORIGIN, URL, Major AI Player) from theme body",json-conversion,1,90
97,Create %marker parser for Requirements Verified,task,"Parse %RV_ and distribution markers (%222_, %SM_) from theme body",json-conversion,1,90
98,Create formatted_theme object assembler,task,"Combine all parsed marker data into the structured formatted_theme JSON object used by downstream pipeline steps",json-conversion,1,90
99,Slack Formatting Utilities,feature,"Port Slack Block Kit formatting logic from n8n Code nodes",json-conversion,1,86
100,Create article summary Block Kit formatter,task,"Port the Format output code that builds Slack Block Kit structures with numbered article summaries, URLs, and dividers",json-conversion,1,99
101,Create theme display Slack formatter,task,"Port the 100+ regex replacements that convert %XX_ markers to Slack *bold* format for human-readable theme display",json-conversion,1,99
102,Create theme selection form builder,task,"Port the dynamic Slack form builder with radio buttons for theme selection and feedback textarea",json-conversion,1,99
103,Create next-steps form builder,task,"Port the Slack form for Yes/Provide Feedback/Restart Chat dropdown selection used across multiple steps",json-conversion,1,99
104,Content Processing Utilities,feature,"Port content processing and validation helper functions",json-conversion,1,86
105,Create markdown section extractor,task,"Port the regex-based extractSection function that extracts content between markdown headings using the heading pattern",json-conversion,1,104
106,Create conditional output router,task,"Port the logic that determines whether to use original or regenerated content based on user choice, content validity, and feedback status",json-conversion,1,104
107,Create boolean normalizer,task,"Port the boolean normalization logic that converts string 'yes'/'no' values to Python booleans for approved and industry_news fields",json-conversion,1,104
108,Create SQL string escaper,task,"Port SQL string escaping for dynamic queries or replace with parameterized query approach",json-conversion,1,104
109,Article Collection Utility,epic,"Port the curated-ai-articles utility workflow that runs on dual schedules to fetch and store articles via SearchApi",json-conversion,1,
110,Create daily search keyword list,task,"Define the daily keyword list: Artificial General Intelligence, Automation, Artificial Intelligence",json-conversion,1,109
111,Create bi-daily search keyword list,task,"Define the bi-daily keyword list: AI breakthrough, AI latest, AI tutorial, AI case study, AI research",json-conversion,1,109
112,Implement google_news engine query execution,task,"Execute SearchApi queries with google_news engine for each daily keyword with time_period=last_week, num=15, location=United States",json-conversion,1,109
113,Implement default engine query execution,task,"Execute SearchApi queries with default engine for each bi-daily keyword with time_period=last_week, num=10",json-conversion,1,109
114,Implement result deduplication by URL,task,"Deduplicate combined search results using URL as unique key, keeping first occurrence",json-conversion,1,109
115,Implement relative date parsing from results,task,"Parse the date field from SearchApi results using relative date parser and format as MM/DD/YYYY",json-conversion,1,109
116,Implement SQL upsert for article insertion,task,"Insert articles into curated_articles table with ON CONFLICT (url) DO UPDATE for deduplication at the database level",json-conversion,1,109
117,Create table initialization for collection,task,"Ensure curated_articles table exists before insertion, matching the CREATE TABLE IF NOT EXISTS pattern",json-conversion,1,109
118,Create scheduled job wiring,task,"Configure this utility to run on dual schedules: daily for google_news, every 2 days for default engine",infra,1,109
119,Article Curation Pipeline Step,epic,"Port the Curated-Articles subworkflow that manages article approval via Google Sheets and Slack",json-conversion,1,
120,Send initial Slack notification,task,"Send non-blocking Slack message: Looking into articles now and starting summarization",json-conversion,1,119
121,Clear Google Sheet rows,task,"Clear all existing rows from the Newsletter Curated Articles spreadsheet before populating",json-conversion,1,119
122,Fetch unapproved articles from PostgreSQL,task,"Query curated_articles table WHERE approved = false to get all pending articles",json-conversion,1,119
123,Process article dates for display,task,"Convert all article publish_date values to MM/DD/YYYY format for Google Sheets display",json-conversion,1,119
124,Normalize approved field for display,task,"Convert boolean false approved values to empty string for Google Sheets display",json-conversion,1,119
125,Append articles to Google Sheet,task,"Write all processed articles to the Google Sheet with columns: url, title, publish_date, origin, approved, newsletter_id, industry_news",json-conversion,1,119
126,Send Slack approval form,task,"Send sendAndWait message to channel requesting article review and approval, blocking until user responds",json-conversion,1,119
127,Fetch approved articles from Sheet,task,"After user responds, fetch rows from Google Sheet where approved column equals yes",json-conversion,1,119
128,Validate approved articles,task,"Check that at least one article has approved=yes AND newsletter_id is non-empty",json-conversion,1,119
129,Implement re-validation loop,task,"If validation fails, send Slack re-validation message and loop back to fetch approved articles again",json-conversion,1,119
130,Return structured article output,task,"Build and return array of article objects with url, title, publish_date, origin, approved, newsletter_id, industry_news",json-conversion,1,119
131,Summarization Pipeline Step,epic,"Port the Summarization subworkflow with per-article processing, LLM summarization, and feedback loop",json-conversion,1,
132,Fetch LLM model config for summarization,task,"Read LLM_SUMMARY_MODEL, LLM_SUMMARY_REGENERATION_MODEL, and LLM_SUMMARY_LEARNING_DATA_MODEL from config",json-conversion,1,131
133,Fetch approved articles from Google Sheet,task,"Get articles from Sheet filtered by approved=yes to reconcile with any manual edits made during approval",json-conversion,1,131
134,Normalize field types for summarization,task,"Convert approved and industry_news string values to Python booleans, matching the Field Mapping node logic",json-conversion,1,131
135,Build and execute SQL upsert for articles,task,"Generate and run INSERT...ON CONFLICT DO UPDATE for approved articles into curated_articles table",json-conversion,1,131
136,Create required tables for summarization,task,"Ensure curated_articles and summarization_user_feedback tables exist before processing",json-conversion,1,131
137,Implement per-article processing loop,task,"Process each article one at a time in sequence, matching n8n's splitInBatches behavior",json-conversion,1,131
138,Fetch article page content via HTTP,task,"For each article URL, perform HTTP GET with browser-like headers (User-Agent, Accept, Referer etc.)",json-conversion,1,131
139,Detect fetch failures for summarization,task,"Check for error response, captcha detection (sgcaptcha in body), and YouTube URL to determine if fetch failed",json-conversion,1,131
140,Implement manual content Slack fallback,task,"When fetch fails, send Slack form with article URL asking user to paste article content manually",json-conversion,1,131
141,Convert fetched HTML to markdown,task,"Convert successfully fetched HTML content to markdown text, prepending URL and title for context",json-conversion,1,131
142,Fetch summarization learning data,task,"Query last 40 entries from summarization_user_feedback ordered by created_at DESC",json-conversion,1,131
143,Aggregate feedback into prompt format,task,"Combine feedback entries into bullet-point list format for injection into the summarization prompt",json-conversion,1,131
144,Call LLM with summarization prompt,task,"Execute LLM completion with assembled prompt including article content and aggregated feedback context",json-conversion,1,131
145,Collect and aggregate all summaries,task,"After processing all articles, collect individual results into a single array",json-conversion,1,131
146,Format summaries as Slack Block Kit,task,"Build structured Slack message with numbered article summaries, URLs, bold labels, and dividers between sections",json-conversion,1,131
147,Share summaries in Slack channel,task,"Send formatted article summaries to channel as non-blocking message",json-conversion,1,131
148,Send next-steps selection form,task,"Send sendAndWait form with options: Yes / Provide Feedback / Restart Chat",json-conversion,1,131
149,Route user selection for summarization,task,"Based on user's form response, route to: proceed, feedback collection, or restart",json-conversion,1,131
150,Implement summarization feedback collection,task,"Send Slack free-text form asking user to provide feedback for content improvement",json-conversion,1,131
151,Call LLM for summarization regeneration,task,"Execute LLM completion with original content and user feedback using LLM_SUMMARY_REGENERATION_MODEL",json-conversion,1,131
152,Extract learning data from summarization feedback,task,"Call LLM with learning data extraction prompt using the user's feedback, original input, and model output",json-conversion,1,131
153,Store summarization learning feedback,task,"Insert extracted learning data into summarization_user_feedback table",json-conversion,1,131
154,Implement summarization feedback loop,task,"After storing feedback and regenerating, loop back to share updated summaries and ask for approval again",json-conversion,1,131
155,Build final summarized output,task,"Parse final summaries into structured array with URL, Title, Summary, BusinessRelevance, order, newsletter_id, industry_news",json-conversion,1,131
156,Implement summarization conditional output,task,"Determine whether to use original or regenerated summaries based on user choice and content validity",json-conversion,1,131
157,Theme Generation Pipeline Step,epic,"Port the Theme Generation & Selection subworkflow with LLM generation, parsing, selection, and freshness check",json-conversion,1,
158,Create theme feedback table if not exists,task,"Ensure newsletter_themes_user_feedback table exists before processing",json-conversion,1,157
159,Fetch theme learning data,task,"Query last 40 entries from newsletter_themes_user_feedback ordered by created_at DESC",json-conversion,1,157
160,Aggregate theme feedback for prompt,task,"Process database feedback and any fresh Slack feedback into combined prompt input format",json-conversion,1,157
161,Call LLM for theme generation,task,"Execute LLM completion with theme generation prompt, providing summarized articles JSON as input",json-conversion,1,157
162,Split LLM output by separator,task,"Parse LLM response by splitting on '-----' separator to extract 2 individual theme blocks",json-conversion,1,157
163,Extract theme metadata from blocks,task,"Parse theme title, theme description/summary from each theme block",json-conversion,1,157
164,Extract theme article assignments,task,"Parse all %marker fields (FA, M1, M2, Q1-Q3, I1-I2) with their properties from each theme body",json-conversion,1,157
165,Format themes for Slack display,task,"Apply regex replacements converting %XX_ markers to Slack *bold* format with human-readable labels",json-conversion,1,157
166,Build theme selection Slack form,task,"Create radio button form with options for each theme plus Add Feedback option and textarea for editor notes",json-conversion,1,157
167,Share formatted themes in Slack,task,"Send both formatted themes to channel as non-blocking message",json-conversion,1,157
168,Send theme selection form,task,"Send sendAndWait form for theme selection, blocking until user responds",json-conversion,1,157
169,Extract selected theme data,task,"Based on user's radio button selection, extract the corresponding theme object",json-conversion,1,157
170,Parse selected theme into formatted_theme,task,"Parse selected theme body into the structured formatted_theme JSON with all article assignment fields",json-conversion,1,157
171,Run freshness check via LLM,task,"Call LLM with freshness check prompt comparing selected theme against recent newsletters at is2digital.com/newsletters",json-conversion,1,157
172,Format and share freshness report,task,"Display selected theme details and freshness check results in Slack",json-conversion,1,157
173,Send final theme approval form,task,"Send sendAndWait form with options: Approve / Reset Articles / Add Feedback",json-conversion,1,157
174,Implement theme Approve path,task,"Save approved theme to newsletter_themes table and pass formatted_theme to pipeline context",json-conversion,1,157
175,Implement theme Reset Articles path,task,"Clear current feedback, reset theme state, and loop back to regenerate themes from scratch",json-conversion,1,157
176,Implement theme feedback loop,task,"Collect feedback, process via LLM for learning data, store in newsletter_themes_user_feedback, regenerate themes",json-conversion,1,157
177,Return theme generation output,task,"Return formatted_theme, selected_theme, summaries to pipeline context for the markdown step",json-conversion,1,157
178,Markdown Generation Pipeline Step,epic,"Port the Markdown-Generator subworkflow with LLM generation, 3-layer validation, retry loop, and user review",json-conversion,1,
179,Extract formatted_theme from context,task,"Retrieve formatted_theme object from pipeline context input for markdown generation",json-conversion,1,178
180,Create markdown feedback table if not exists,task,"Ensure markdowngenerator_user_feedback table exists before processing",json-conversion,1,178
181,Fetch markdown learning data,task,"Query last 40 entries from markdowngenerator_user_feedback ordered by created_at DESC",json-conversion,1,178
182,Aggregate markdown feedback for prompt,task,"Combine database feedback with theme input data for prompt assembly",json-conversion,1,178
183,Call LLM for markdown generation,task,"Execute LLM completion with the ~4000-word prompt including voice calibration, structure requirements, and formatted_theme data",json-conversion,1,178
184,Character Count Validation,feature,"Port the JavaScript character counting validation from the Validation Character count Code node",json-conversion,1,178
185,Implement section extractor for validation,task,"Port the extractSection regex function that extracts content between markdown headings",json-conversion,1,184
186,Validate Quick Highlights character counts,task,"Extract 3 bullets and validate each is 150-190 characters, computing delta for corrections",json-conversion,1,184
187,Validate Featured Article P1 character count,task,"Extract Featured Article paragraph 1 and validate 300-400 characters with delta",json-conversion,1,184
188,Validate Featured Article P2 character count,task,"Extract Featured Article paragraph 2 and validate 300-400 characters with delta",json-conversion,1,184
189,Validate Featured Article Key Insight count,task,"Extract Key Insight paragraph (starts with **) and validate 300-370 characters with delta",json-conversion,1,184
190,Validate Main Article callout counts,task,"Extract callout paragraphs for both main articles and validate 180-250 chars each with delta",json-conversion,1,184
191,Validate Main Article content counts,task,"Extract content paragraphs for both main articles and validate max 750 chars each with delta",json-conversion,1,184
192,Validate Industry Developments counts,task,"Extract both industry development items and validate 200-280 chars each with delta",json-conversion,1,184
193,Validate Footer paragraph counts,task,"Extract footer paragraphs 2 and 3 and validate 200-550 chars each with delta",json-conversion,1,184
194,Produce character error array with deltas,task,"Format all character count violations into error array with section, field, current count, target range, and delta values",json-conversion,1,184
195,Structural Validation,feature,"Port the LLM-based structural validation that checks non-numeric formatting rules",json-conversion,1,178
196,Call LLM with structural validation prompt,task,"Execute validation LLM call with generated markdown and upstream character errors using LLM_MARKDOWN_VALIDATOR_MODEL",json-conversion,1,195
197,Validate Quick Highlights structure,task,"Check: exactly 3 bullets, correct order (Featured then Main 1 then Main 2), data points, bold terms",json-conversion,1,195
198,Validate Featured Article structure,task,"Check: clickable markdown link headline, separate paragraphs, bold two-word Key Insight label, CTA on own line ending with arrow",json-conversion,1,195
199,Validate Main Articles structure,task,"Check: one content + one callout paragraph each, callout label is Strategic Take-away or Actionable Steps, clickable headline + source link",json-conversion,1,195
200,Validate Industry Developments structure,task,"Check: exactly 2 items, single paragraph each, clickable link headlines, at least one major AI player mentioned",json-conversion,1,195
201,Validate Footer structure,task,"Check: line 1 is exactly the required opening line, final line is exactly Thoughts?",json-conversion,1,195
202,Merge character and structural errors,task,"Combine character count error array with structural validation errors into unified error list",json-conversion,1,195
203,Voice Validation,feature,"Port the LLM-based voice validation that evaluates Kevin's writing patterns",json-conversion,1,178
204,Call LLM with voice validation prompt,task,"Execute voice validation LLM call with generated markdown using LLM_MARKDOWN_VALIDATOR_MODEL",json-conversion,1,203
205,Validate voice patterns across sections,task,"Evaluate introduction, featured article, main articles, and overall voice consistency against Kevin's 9 patterns",json-conversion,1,203
206,Merge all validation errors,task,"Combine character count + structural + voice errors into final unified error array",json-conversion,1,203
207,Validation Loop Control,feature,"Port the validation retry loop with attempt counter and force-accept logic",json-conversion,1,178
208,Track validation attempt counter,task,"Maintain per-execution attempt counter that increments on each validation pass",json-conversion,1,207
209,Format error output for LLM regeneration,task,"Parse combined errors into structured format with delta values for targeted LLM corrections",json-conversion,1,207
210,Feed errors into LLM for regeneration,task,"When attempt < 3 and errors exist, call LLM with markdown + error details for targeted fixes",json-conversion,1,207
211,Force-accept after max attempts,task,"After 3 validation attempts, mark output as valid regardless of remaining errors and proceed to review",json-conversion,1,207
212,Markdown User Review,feature,"Port the user review flow with Slack sharing, Google Doc creation, and feedback handling",json-conversion,1,178
213,Share markdown in Slack,task,"Format generated markdown using Block Kit and share in channel",json-conversion,1,212
214,Send markdown review form,task,"Send sendAndWait form with options: Yes / Provide Feedback / Restart Chat",json-conversion,1,212
215,Implement Yes path - create Google Doc,task,"Create new Google Doc, insert final markdown content, and share document link in Slack",json-conversion,1,212
216,Implement wait for doc editing,task,"After sharing Google Doc link, send sendAndWait allowing user to signal they have finished editing",json-conversion,1,212
217,Implement markdown Provide Feedback path,task,"Collect free-text feedback, call LLM for regeneration with feedback, extract and store learning data, re-share",json-conversion,1,212
218,Implement markdown Restart Chat path,task,"Reset state and loop back to initial markdown generation",json-conversion,1,212
219,Return markdown step output,task,"Output Google Doc document ID, formatted_theme, and summaries to pipeline context",json-conversion,1,212
220,HTML Generation Pipeline Step,epic,"Port the HTML-Generator subworkflow with markdown-to-HTML conversion, LLM styling, and approval flow",json-conversion,1,
221,Extract document ID from context,task,"Retrieve markdown Google Doc document ID from pipeline context using recursive object traversal if needed",json-conversion,1,220
222,Fetch markdown from Google Doc,task,"Retrieve full markdown content from the Google Doc created in the previous step",json-conversion,1,220
223,Convert markdown to HTML,task,"Transform markdown content into base HTML structure for email formatting",json-conversion,1,220
224,Call LLM for HTML template generation,task,"Execute LLM completion to generate email-compatible HTML with inline CSS and responsive design from markdown",json-conversion,1,220
225,Create Google Doc with HTML,task,"Create new Google Doc and insert the generated HTML content",json-conversion,1,220
226,Share HTML preview in Slack,task,"Send the HTML content or preview to channel for user review",json-conversion,1,220
227,Send HTML approval form,task,"Send sendAndWait form with options: Yes / Provide Feedback",json-conversion,1,220
228,Create HTML feedback table if not exists,task,"Ensure htmlgenerator_user_feedback table exists before processing",json-conversion,1,220
229,Implement HTML feedback loop,task,"Collect feedback, call LLM for regeneration, extract learning data, store in htmlgenerator_user_feedback, re-share",json-conversion,1,220
230,Return HTML step output,task,"Output HTML document ID, formatted_theme, and summaries to pipeline context for all 4 parallel steps",json-conversion,1,220
231,Alternates HTML Generator,epic,"Port the Alternates-HTML-Document-Generator subworkflow for A/B variant creation",json-conversion,1,
232,Fetch markdown document for alternates,task,"Retrieve markdown content from Google Doc for alternate HTML generation",json-conversion,1,231
233,Convert markdown to alternate HTML,task,"Transform markdown to HTML with modified design/structure for A/B variant",json-conversion,1,231
234,Call LLM for alternate styling,task,"Execute LLM completion to generate A/B variant HTML with different visual treatment",json-conversion,1,231
235,Create Google Doc with alternate HTML,task,"Create new Google Doc and insert the alternative HTML content",json-conversion,1,231
236,Notify user of alternate HTML in Slack,task,"Send notification to channel with link to the alternate HTML Google Doc",json-conversion,1,231
237,Email Subject & Preview Generator,epic,"Port the Email-Subject-and-Preview subworkflow with option generation, selection, and feedback",json-conversion,1,
238,Create email subject feedback table,task,"Ensure newsletter_email_subject_feedback table exists before processing",json-conversion,1,237
239,Fetch email subject learning data,task,"Query last 40 entries from newsletter_email_subject_feedback ordered by created_at DESC",json-conversion,1,237
240,Fetch newsletter document for subjects,task,"Retrieve content from Google Docs for subject line generation context",json-conversion,1,237
241,Call LLM for subject line generation,task,"Execute LLM completion to generate 3-5 email subject line options with corresponding preview text",json-conversion,1,237
242,Parse subject options into selectable format,task,"Extract individual subject/preview pairs from LLM output into structured selectable options",json-conversion,1,237
243,Share subject options in Slack,task,"Display all subject line options with preview text in channel for review",json-conversion,1,237
244,Send subject selection form,task,"Send sendAndWait form with radio buttons for each subject line option",json-conversion,1,237
245,Capture user subject selection,task,"Extract user's preferred subject line and preview text from form response",json-conversion,1,237
246,Implement email subject feedback loop,task,"Collect feedback, regenerate subject options via LLM, extract and store learning data in feedback table",json-conversion,1,237
247,Create Google Doc with final subject,task,"Create Google Doc containing the selected subject line and preview text",json-conversion,1,237
248,Social Media Generator,epic,"Port the Social-Media-Generator subworkflow with 2-phase generation and selection flow",json-conversion,1,
249,Fetch HTML document for social media,task,"Retrieve HTML document content from Google Doc for social media content context",json-conversion,1,248
250,Call LLM Phase 1 - generate 12 posts,task,"Execute LLM to generate 12 social media posts: 6 Did You Know (DYK) + 6 Industry Take (IT) in graphics-only format",json-conversion,1,248
251,Format social posts for Slack display,task,"Structure the 12 post options for display in Slack with clear DYK/IT categorization",json-conversion,1,248
252,Share social post options in Slack,task,"Send all 12 post options to channel for user review and selection",json-conversion,1,248
253,Capture user post selection,task,"Receive user's selection of which posts to develop further via Slack interaction",json-conversion,1,248
254,Call LLM Phase 2 - generate captions,task,"Execute LLM to generate detailed captions (150-300 chars each) for user-selected posts",json-conversion,1,248
255,Share captions in Slack for review,task,"Display generated captions in channel for user approval",json-conversion,1,248
256,Implement social media feedback loop,task,"Collect feedback, regenerate via LLM_SOCIAL_MEDIA_REGENERATION_MODEL, re-share for approval",json-conversion,1,248
257,Create Google Doc with final social posts,task,"Create Google Doc containing all finalized social media posts with graphics and captions",json-conversion,1,248
258,LinkedIn Carousel Generator,epic,"Port the Linkedin-Carousel-Generator subworkflow with slide generation, validation, and post copy versions",json-conversion,1,
259,Fetch HTML document for LinkedIn,task,"Retrieve HTML document content from Google Doc for carousel content context",json-conversion,1,258
260,Send Slack notification for LinkedIn step,task,"Notify user in channel that LinkedIn carousel generation is starting",json-conversion,1,258
261,Call LLM for carousel slide generation,task,"Execute LLM completion with LinkedIn carousel prompt to generate all slide content",json-conversion,1,258
262,Parse carousel output into slides,task,"Extract individual slide data from LLM response into structured slide objects",json-conversion,1,258
263,LinkedIn Slide Character Validation,feature,"Port the JavaScript character validation for carousel slide bodies and paragraphs",json-conversion,1,258
264,Validate slide body total length,task,"Check each slide body is 265-315 characters total, producing error if outside range",json-conversion,1,263
265,Validate slide paragraph 1 length,task,"Check each slide's first paragraph is 120-150 characters",json-conversion,1,263
266,Validate slide paragraph 2 length,task,"Check each slide's second paragraph is 130-150 characters",json-conversion,1,263
267,Validate TL;DR bullets,task,"Check 8 TL;DR bullets exist and each is approximately 50 characters",json-conversion,1,263
268,Produce slide validation error array,task,"Format character limit violations with type CHARACTER_LIMIT_VIOLATION and rewrite instructions",json-conversion,1,263
269,Regenerate slides with error details,task,"If validation errors exist, call LLM with error context using LLM_LINKEDIN_REGENERATION_MODEL for targeted fixes",json-conversion,1,258
270,Generate 3 LinkedIn post copy versions,task,"Create 3 post copy variants with opening hook, theme connection, links, newsletter CTA, and brand CTA",json-conversion,1,258
271,Enforce article order preservation,task,"Verify slides follow required order: Featured then Main 1 then Main 2 then Quick Hits 1-3 then Industry Developments 1-2",json-conversion,1,258
272,Create Google Doc with carousel content,task,"Create Google Doc containing all carousel slides and post copy versions",json-conversion,1,258
273,Share carousel in Slack for approval,task,"Send carousel content to channel with sendAndWait for user approval",json-conversion,1,258
274,Parallel Execution Integration,feature,"Wire all 4 output generators for concurrent execution after HTML step completes",json-conversion,1,258
275,Wire asyncio.gather for parallel outputs,task,"Launch alternates HTML, email subject, social media, and LinkedIn carousel concurrently via asyncio.gather",json-conversion,1,274
276,Pass shared context to all parallel steps,task,"Provide HTML doc ID, formatted_theme, and summaries to all 4 parallel generators",json-conversion,1,274
277,Handle independent errors per branch,task,"Ensure failure in one parallel branch does not block others from completing",json-conversion,1,274
278,Pipeline Orchestration & Scheduling,epic,"Wire all pipeline steps together, implement scheduling, and create API/CLI interfaces",infra,1,
279,Wire sequential pipeline steps,task,"Connect article curation, summarization, theme generation, markdown, and HTML steps in the orchestrator",json-conversion,1,278
280,Wire parallel output steps,task,"After HTML step, launch all 4 parallel generators and await their completion",json-conversion,1,278
281,Implement pipeline context propagation,task,"Pass accumulated PipelineContext with articles, summaries, formatted_theme, and document IDs between all steps",json-conversion,1,278
282,Implement pipeline run tracking,task,"Track each pipeline run with execution ID, start time, current step, and completion status",infra,1,278
283,Configure article collection scheduler,task,"Set up APScheduler jobs: daily for google_news keywords, every 2 days for default engine keywords",infra,1,278
284,Configure pipeline trigger scheduler,task,"Set up APScheduler job for automatic pipeline trigger every 5 days",infra,1,278
285,Integrate scheduler with FastAPI,task,"Start APScheduler on FastAPI application startup and stop on shutdown",infra,1,278
286,FastAPI Application,feature,"Create REST API endpoints for pipeline management and monitoring",infra,1,278
287,Create /trigger endpoint,task,"Implement POST endpoint that starts a new pipeline run and returns execution ID",infra,1,286
288,Create /status endpoint,task,"Implement GET endpoint that returns current pipeline status, step progress, and pending interactions",infra,1,286
289,Create /health endpoint,task,"Implement health check endpoint verifying database connectivity and service availability",infra,1,286
290,Integrate Slack Bolt with FastAPI,task,"Run Slack Bolt async app alongside FastAPI, sharing the event loop for interactive message handling",infra,1,286
291,CLI Interface,feature,"Create command-line interface for pipeline management and debugging",infra,1,278
292,Create CLI entry point,task,"Implement __main__.py with CLI framework (Click or Typer) for command routing",infra,1,291
293,Create run command,task,"Implement command to manually trigger a full pipeline run",infra,1,291
294,Create status command,task,"Implement command to check current pipeline execution status",infra,1,291
295,Create collect-articles command,task,"Implement command to manually trigger article collection utility outside scheduled runs",infra,1,291
296,Create serve command,task,"Implement command to start the FastAPI server with Slack Bolt integration",infra,1,291
297,Error Handling & Observability,epic,"Implement comprehensive error handling, logging, and notification patterns across the application",infra,1,
298,Implement LLM error handling pattern,task,"Handle LLM API errors with Slack notification: Execution Stopped at [step] due to error [error]",json-conversion,1,297
299,Implement HTTP fetch error handling,task,"Handle article fetch failures with fallback to manual Slack content entry across all steps",json-conversion,1,297
300,Implement database error handling,task,"Handle database connection failures and upsert conflicts with retry logic",infra,1,297
301,Implement step-level error reporting,task,"Send error notifications to Slack identifying which pipeline step failed and the error details",json-conversion,1,297
302,Implement graceful pipeline termination,task,"On critical errors, terminate pipeline cleanly and notify user, matching n8n's stopAndError behavior",json-conversion,1,297
303,Add structured logging,task,"Implement structured logging across all pipeline steps, service calls, and error conditions",infra,1,297
304,Add pipeline execution state logging,task,"Log pipeline state transitions: step start, step completion, validation attempts, user interactions",infra,1,297
305,Testing & Quality Assurance,epic,"Comprehensive test suite covering unit tests, integration tests, and end-to-end pipeline validation",qa,1,
306,Unit Tests - Utilities,feature,"Test all utility functions ported from n8n JavaScript Code nodes",qa,1,305
307,Test MM/DD/YYYY date formatter,task,"Verify date conversion handles various input formats and UTC edge cases",qa,1,306
308,Test relative date parser,task,"Verify parsing of relative date strings and edge cases with various time units",qa,1,306
309,Test theme body splitter,task,"Verify splitting LLM output by separator produces correct theme blocks",qa,1,306
310,Test %marker parser for all article types,task,"Verify regex extraction of FA, M1, M2, Q1-Q3, I1-I2 markers with various LLM output formats",qa,1,306
311,Test formatted_theme assembler,task,"Verify structured JSON object is correctly assembled from parsed markers",qa,1,306
312,Test markdown section extractor,task,"Verify regex extraction between headings handles all section types and edge cases",qa,1,306
313,Test conditional output router,task,"Verify routing logic for all combinations of user choice, content validity, and feedback status",qa,1,306
314,Test boolean normalizer,task,"Verify conversion of yes, no, Yes, YES, true, false, empty string to correct booleans",qa,1,306
315,Unit Tests - Validators,feature,"Test all content validation logic ported from n8n Code nodes",qa,1,305
316,Test Quick Highlights character counting,task,"Verify bullet extraction, character counting, and delta calculation for 150-190 char range",qa,1,315
317,Test Featured Article character counting,task,"Verify paragraph extraction and counting for P1 (300-400), P2 (300-400), Key Insight (300-370)",qa,1,315
318,Test Main Article character counting,task,"Verify callout (180-250) and content (max 750) extraction and counting for both articles",qa,1,315
319,Test Industry Developments counting,task,"Verify item extraction and counting for 200-280 char range",qa,1,315
320,Test Footer paragraph counting,task,"Verify footer paragraph extraction and counting for 200-550 char range",qa,1,315
321,Test LinkedIn slide validation,task,"Verify body length (265-315), P1 (120-150), P2 (130-150), and TL;DR bullet validation",qa,1,315
322,Test delta calculation accuracy,task,"Verify delta values (current - target) are correctly calculated for both under and over limits",qa,1,315
323,Test validation loop breaker,task,"Verify force-accept behavior after 3 attempts and correct attempt counter tracking",qa,1,315
324,Unit Tests - Database,feature,"Test database CRUD operations against test database",qa,1,305
325,Test curated_articles CRUD,task,"Verify fetch unapproved, upsert with conflict, update approved status, fetch filtered operations",qa,1,324
326,Test feedback table CRUD,task,"Verify insert feedback and fetch last N entries for all 5 feedback tables",qa,1,324
327,Test newsletter_themes CRUD,task,"Verify insert theme, update approval, fetch by newsletter_id operations",qa,1,324
328,Test database migrations,task,"Verify Alembic migrations create all 7 tables with correct schemas and can be rolled back",qa,1,324
329,Integration Tests - Services,feature,"Test external service clients with mock/stub responses",qa,1,305
330,Test SearchApi client,task,"Verify google_news and default engine queries produce correct requests and parse mock responses",qa,1,329
331,Test Slack send_and_wait flow,task,"Verify message posting, callback registration, asyncio.Event blocking, and response extraction with mock Slack API",qa,1,329
332,Test Slack Block Kit builders,task,"Verify all Block Kit message structures match expected Slack API format",qa,1,329
333,Test Google Sheets operations,task,"Verify clear, append, update, and filtered fetch operations with mock Sheets API",qa,1,329
334,Test Google Docs operations,task,"Verify create, insert content, and fetch content operations with mock Docs API",qa,1,329
335,Test LLM service,task,"Verify completion calls, model routing, error handling, and response parsing with mock LiteLLM",qa,1,329
336,Test web fetcher,task,"Verify browser headers, captcha detection, YouTube skip, and HTML-to-markdown conversion with mock HTTP",qa,1,329
337,Test pipeline context propagation,task,"Verify PipelineContext accumulates state correctly through sequential step execution",qa,1,329
338,E2E Tests - Pipeline Steps,feature,"Test complete pipeline step flows with mocked external services",qa,1,305
339,Test article collection end-to-end,task,"Verify SearchApi query through deduplication through date parsing through DB insertion flow",qa,1,338
340,Test article curation end-to-end,task,"Verify Sheet clear through DB fetch through Sheet write through Slack approval through validation flow",qa,1,338
341,Test summarization end-to-end,task,"Verify per-article fetch through LLM call through summary aggregation through Slack sharing through feedback loop",qa,1,338
342,Test theme generation end-to-end,task,"Verify LLM generation through parsing through Slack selection through freshness check through approval flow",qa,1,338
343,Test markdown generation end-to-end,task,"Verify LLM generation through 3-layer validation through retry loop through user review through Google Doc creation",qa,1,338
344,Test HTML generation end-to-end,task,"Verify markdown fetch through conversion through LLM styling through Slack approval through Google Doc creation",qa,1,338
345,Test parallel outputs end-to-end,task,"Verify all 4 generators run concurrently and complete independently with correct outputs",qa,1,338
346,Test full pipeline end-to-end,task,"Run complete pipeline with test fixture data through all steps, verifying data flow and output creation",qa,1,338
347,Test feedback loop persistence,task,"Verify feedback is stored in correct tables and retrieved/aggregated correctly in subsequent pipeline runs",qa,1,338
348,Filter unused articles for alternates,task,"Extract URLs used in main newsletter and filter summaries to find unused articles for the alternate HTML",json-conversion,1,231
349,Call LLM for email review generation,task,"Execute OpenRouter content review extraction to prepare a definitive review using the selected subject and newsletter content",json-conversion,1,237
350,Filter and structure selected social posts,task,"Extract selected DYK and IT posts from Phase 1 raw output and resolve source URLs from formatted_theme for Phase 2",json-conversion,1,248